esn,event_date,event_type,current_shop_visit_count,shop_visit,engine_family,source_type,event_date_prev,event_date_next,cr_degt_bfr,cr_degt_aft,cr_degt_prev,cr_degt_next,cr_gwfm_bfr,cr_gwfm_aft,cr_gwfm_prev,cr_gwfm_next,tk_egthdm_bfr,tk_egthdm_aft,tk_egthdm_prev,tk_egthdm_next,cr_de3d1a_bfr,cr_de3d1a_aft,cr_de3d1a_prev,cr_de3d1a_next,cr_degt_rec,cr_degt_delta_prev,cr_gwfm_rec,cr_gwfm_delta_prev,tk_egthdm_rec,tk_egthdm_delta_prev,cr_de3d1a_rec,cr_de3d1a_delta_prev,flight_dttm,rdf_sedi_ecsn,rdf_sedi_ecsv,engine_type,aircraft_id,engine_position,fleet,ecsw,ecne,esn_run_no,customer,operator_name,engine_model,zone,region,country,cr_degt_init,cr_degt_delta_init,cr_degt_aft_delta_init,cr_degt_delta_next,cr_gwfm_init,cr_gwfm_delta_init,cr_gwfm_aft_delta_init,cr_gwfm_delta_next,tk_egthdm_init,tk_egthdm_delta_init,tk_egthdm_aft_delta_init,tk_egthdm_delta_next,cr_de3d1a_init,cr_de3d1a_delta_init,cr_de3d1a_aft_delta_init,cr_de3d1a_delta_next,cr_degt_adj_summation,cr_degt_adj_summation_prev,cr_degt_adj_summation_next,cr_degt_adj_summation_next_2,cr_gwfm_adj_summation,cr_gwfm_adj_summation_prev,cr_gwfm_adj_summation_next,cr_gwfm_adj_summation_next_2,tk_egthdm_adj_summation,tk_egthdm_adj_summation_prev,tk_egthdm_adj_summation_next,tk_egthdm_adj_summation_next_2,cr_de3d1a_adj_summation,cr_de3d1a_adj_summation_prev,cr_de3d1a_adj_summation_next,cr_de3d1a_adj_summation_next_2,cr_degt_delta_init_adj,cr_degt_delta_prev_adj,cr_degt_aft_delta_init_adj,cr_degt_delta_next_adj,cr_degt_aft_delta_rate_prev_adj,cr_degt_aft_delta_rate_init_adj,cr_degt_delta_rate_next_adj,cr_gwfm_delta_init_adj,cr_gwfm_delta_prev_adj,cr_gwfm_aft_delta_init_adj,cr_gwfm_delta_next_adj,cr_gwfm_aft_delta_rate_prev_adj,cr_gwfm_aft_delta_rate_init_adj,cr_gwfm_delta_rate_next_adj,tk_egthdm_delta_init_adj,tk_egthdm_delta_prev_adj,tk_egthdm_aft_delta_init_adj,tk_egthdm_delta_next_adj,tk_egthdm_aft_delta_rate_prev_adj,tk_egthdm_aft_delta_rate_init_adj,tk_egthdm_delta_rate_next_adj,cr_de3d1a_delta_init_adj,cr_de3d1a_delta_prev_adj,cr_de3d1a_aft_delta_init_adj,cr_de3d1a_delta_next_adj,cr_de3d1a_aft_delta_rate_prev_adj,cr_de3d1a_aft_delta_rate_init_adj,cr_de3d1a_delta_rate_next_adj,cr_degt_delta_rate_prev,cr_degt_delta_rate_init,cr_degt_delta_rate_next,cr_degt_rec_ratio_prev,cr_degt_rec_ratio_init,cr_gwfm_delta_rate_prev,cr_gwfm_delta_rate_init,cr_gwfm_delta_rate_next,cr_gwfm_rec_ratio_prev,cr_gwfm_rec_ratio_init,tk_egthdm_delta_rate_prev,tk_egthdm_delta_rate_init,tk_egthdm_delta_rate_next,tk_egthdm_rec_ratio_prev,tk_egthdm_rec_ratio_init,cr_de3d1a_delta_rate_prev,cr_de3d1a_delta_rate_init,cr_de3d1a_delta_rate_next,cr_de3d1a_rec_ratio_prev,cr_de3d1a_rec_ratio_init
803930,2010-03-18,INSTALL,0,True,CFM56,ENG_UTIL,NULL,2010-07-04,NULL,NULL,NULL,NULL,NULL,NULL,NULL,NULL,NULL,NULL,NULL,NULL,NULL,NULL,NULL,NULL,NULL,NULL,NULL,NULL,NULL,NULL,NULL,NULL,NULL,NULL,NULL,NULL,NULL,NULL,NULL,NULL,NULL,1,LNI,LION MENTARI AIRLINES,CFM56-7B,INC,CSO - ASIA,INDONESIA,NULL,NULL,NULL,NULL,NULL,NULL,NULL,NULL,NULL,NULL,NULL,NULL,NULL,NULL,NULL,NULL,0,NULL,0,0,0,NULL,0,0,0,NULL,0,0,0,NULL,0,0,NULL,NULL,NULL,NULL,NULL,NULL,NULL,NULL,NULL,NULL,NULL,NULL,NULL,NULL,NULL,NULL,NULL,NULL,NULL,NULL,NULL,NULL,NULL,NULL,NULL,NULL,NULL,NULL,NULL,NULL,NULL,NULL,NULL,NULL,NULL,NULL,NULL,NULL,NULL,NULL,NULL,NULL,NULL,NULL,NULL,NULL,NULL,NULL
803930,2010-07-04,WW,0,False,CFM56,FDM,2010-03-18,2010-09-03,NULL,NULL,NULL,NULL,NULL,NULL,NULL,NULL,NULL,NULL,NULL,NULL,NULL,NULL,NULL,NULL,NULL,NULL,NULL,NULL,NULL,NULL,NULL,NULL,NULL,NULL,NULL,NULL,NULL,NULL,NULL,NULL,NULL,1,LNI,LION MENTARI AIRLINES,CFM56-7B,INC,CSO - AMERICA,INDONESIA,NULL,NULL,NULL,NULL,NULL,NULL,NULL,NULL,NULL,NULL,NULL,NULL,NULL,NULL,NULL,NULL,0,0,0,0,0,0,0,0,0,0,0,0,0,0,0,0,NULL,NULL,NULL,NULL,NULL,NULL,NULL,NULL,NULL,NULL,NULL,NULL,NULL,NULL,NULL,NULL,NULL,NULL,NULL,NULL,NULL,NULL,NULL,NULL,NULL,NULL,NULL,NULL,NULL,NULL,NULL,NULL,NULL,NULL,NULL,NULL,NULL,NULL,NULL,NULL,NULL,NULL,NULL,NULL,NULL,NULL,NULL,NULL
803930,2010-09-03,WW,0,False,CFM56,FDM,2010-07-04,2010-11-13,NULL,NULL,NULL,NULL,NULL,NULL,NULL,NULL,NULL,NULL,NULL,NULL,NULL,NULL,NULL,NULL,NULL,NULL,NULL,NULL,NULL,NULL,NULL,NULL,NULL,NULL,NULL,NULL,NULL,NULL,NULL,NULL,NULL,1,LNI,LION MENTARI AIRLINES,CFM56-7B,INC,CSO - ASIA,INDONESIA,NULL,NULL,NULL,NULL,NULL,NULL,NULL,NULL,NULL,NULL,NULL,NULL,NULL,NULL,NULL,NULL,0,0,0,0,0,0,0,0,0,0,0,0,0,0,0,0,NULL,NULL,NULL,NULL,NULL,NULL,NULL,NULL,NULL,NULL,NULL,NULL,NULL,NULL,NULL,NULL,NULL,NULL,NULL,NULL,NULL,NULL,NULL,NULL,NULL,NULL,NULL,NULL,NULL,NULL,NULL,NULL,NULL,NULL,NULL,NULL,NULL,NULL,NULL,NULL,NULL,NULL,NULL,NULL,NULL,NULL,NULL,NULL
803930,2010-11-13,WW,0,False,CFM56,FDM,2010-09-03,2011-01-04,NULL,20.3516,NULL,20.3516,NULL,1.191,NULL,1.191,NULL,77.062,NULL,76.7051,NULL,NULL,NULL,NULL,NULL,NULL,NULL,NULL,NULL,NULL,NULL,NULL,NULL,NULL,NULL,NULL,NULL,NULL,NULL,NULL,NULL,1,LNI,LION MENTARI AIRLINES,CFM56-7B,INC,CSO - ASIA,INDONESIA,NULL,NULL,NULL,0,NULL,NULL,NULL,0,NULL,NULL,NULL,-0.356895,NULL,NULL,NULL,NULL,0,0,0,0,0,0,0,0,0,0,0,0,0,0,0,0,NULL,NULL,NULL,0,NULL,NULL,NULL,NULL,NULL,NULL,0,NULL,NULL,NULL,NULL,NULL,NULL,-0.3568954468,NULL,NULL,NULL,NULL,NULL,NULL,NULL,NULL,NULL,NULL,NULL,NULL,NULL,NULL,NULL,NULL,NULL,NULL,NULL,NULL,NULL,NULL,NULL,NULL,NULL,NULL,NULL,NULL,NULL,NULL
803930,2011-01-04,WW,0,False,CFM56,FDM,2010-11-13,2011-03-01,20.3516,25.1929,20.3516,24.5865,1.191,1.0523,1.191,1.2437,76.7051,73.5088,77.062,73.827,NULL,NULL,NULL,NULL,-4.8412,0,0.1387,0,3.1963,-0.356895,NULL,NULL,2011-01-04,1834,1834.4301,CFM56-7B26/3,LGU,1,LNI,NULL,367,1,LNI,LION MENTARI AIRLINES,CFM56-7B,INC,CSO - ASIA,INDONESIA,NULL,NULL,NULL,-0.6064,NULL,NULL,NULL,0.1914,NULL,NULL,NULL,0.318253,NULL,NULL,NULL,NULL,0,0,0,0,0,0,0,0,0,0,0,0,0,0,0,0,NULL,0,NULL,-0.6063995361,NULL,NULL,-1.6523148124,NULL,0,NULL,0.1914000511,NULL,NULL,0.5215260248,NULL,-0.3568954468,NULL,0.3182525635,NULL,NULL,0.8671731975,NULL,NULL,NULL,NULL,NULL,NULL,NULL,NULL,NULL,-1.65231,NULL,NULL,NULL,NULL,0.52153,NULL,NULL,NULL,NULL,0.86717,-8.95586,NULL,NULL,NULL,NULL,NULL,NULL
803930,2011-03-01,WW,0,False,CFM56,FDM,2011-01-04,2011-04-25,24.5865,26.3216,25.1929,25.9647,1.2437,0.97665,1.0523,1.0109,73.827,73.34,73.5088,71.256,NULL,NULL,NULL,NULL,-1.7351,-0.6064,0.26705,0.1914,0.487045,0.318253,NULL,NULL,2011-03-01,2201,2201.6533,CFM56-7B26/3,LGU,1,LNI,367,362,1,LNI,LION MENTARI AIRLINES,CFM56-7B,INC,CSO - ASIA,INDONESIA,NULL,NULL,NULL,-0.35685,NULL,NULL,NULL,0.03425,NULL,NULL,NULL,-2.08401,NULL,NULL,NULL,NULL,0,0,0,0,0,0,0,0,0,0,0,0,0,0,0,0,NULL,-0.6063995361,NULL,-0.3568496704,-1.6523148124,NULL,-0.9857725702,NULL,0.1914000511,NULL,0.034250021,0.5215260248,NULL,0.0946133176,NULL,0.3182525635,NULL,-2.0840072632,0.8671731975,NULL,-5.7569261414,NULL,NULL,NULL,NULL,NULL,NULL,NULL,-1.65231,NULL,-0.98577,2.86131,NULL,0.52153,NULL,0.09461,1.39525,NULL,0.86717,NULL,-5.75693,1.53037,NULL,NULL,NULL,NULL,NULL,NULL
803930,2011-04-25,WW,0,False,CFM56,FDM,2011-03-01,2011-08-05,25.9647,25.3974,26.3216,26.0824,1.0109,1.15695,0.97665,1.00205,71.256,66.3141,73.34,63.132,NULL,NULL,NULL,NULL,0.567251,-0.35685,-0.14605,0.03425,4.94185,-2.08401,NULL,NULL,2011-04-25,2563,2563.205,CFM56-7B26/3,LGU,1,LNI,362,679,1,LNI,LION MENTARI AIRLINES,CFM56-7B,INC,CSO - ASIA,INDONESIA,NULL,NULL,NULL,0.68495,NULL,NULL,NULL,-0.1549,NULL,NULL,NULL,-3.18215,NULL,NULL,NULL,NULL,0,0,0,0,0,0,0,0,0,0,0,0,0,0,0,0,NULL,-0.3568496704,NULL,0.6849498749,-0.9857725702,NULL,1.0087627023,NULL,0.034250021,NULL,-0.1548999548,0.0946133176,NULL,-0.2281295358,NULL,-2.0840072632,NULL,-3.1821479797,-5.7569261414,NULL,-4.6865213251,NULL,NULL,NULL,NULL,NULL,NULL,NULL,-0.98577,NULL,1.00876,-1.58961,NULL,0.09461,NULL,-0.22813,-4.26423,NULL,-5.75693,NULL,-4.68652,-2.37132,NULL,NULL,NULL,NULL,NULL,NULL
803930,2011-08-05,WW,0,False,CFM56,FDM,2011-04-25,2011-11-05,26.0824,28.1452,25.3974,29.7196,1.00205,1.5551,1.15695,1.3483,63.132,57.7257,66.3141,56.8385,NULL,NULL,NULL,NULL,-2.0628,0.68495,-0.55305,-0.1549,5.40625,-3.18215,NULL,NULL,2011-08-05,3242,3242.3692,CFM56-7B26/3,LGU,1,LNI,679,571,1,LNI,LION MENTARI AIRLINES,CFM56-7B,INC,CSO - ASIA,INDONESIA,NULL,NULL,NULL,1.5744,NULL,NULL,NULL,-0.2068,NULL,NULL,NULL,-0.887249,NULL,NULL,NULL,NULL,0,0,0,0,0,0,0,0,0,0,0,0,0,0,0,0,NULL,0.6849498749,NULL,1.5743999481,1.0087627023,NULL,2.7572678601,NULL,-0.1548999548,NULL,-0.206799984,-0.2281295358,NULL,-0.3621716007,NULL,-3.1821479797,NULL,-0.8872489929,-4.6865213251,NULL,-1.553851126,NULL,NULL,NULL,NULL,NULL,NULL,NULL,1.00876,NULL,2.75727,-3.01161,NULL,-0.22813,NULL,-0.36217,3.57037,NULL,-4.68652,NULL,-1.55385,-1.69893,NULL,NULL,NULL,NULL,NULL,NULL
803930,2011-11-05,WW,0,False,CFM56,FDM,2011-08-05,2012-01-28,29.7196,27.4696,28.1452,31.4548,1.3483,0.94745,1.5551,0.93775,56.8385,60.4569,57.7257,59.5639,NULL,NULL,NULL,NULL,2.25,1.5744,0.40085,-0.2068,-3.6184,-0.887249,NULL,NULL,2011-11-05,3813,3813.7917,CFM56-7B26/3,LGU,1,LNI,571,541,1,LNI,LION MENTARI AIRLINES,CFM56-7B,INC,CSO - ASIA,INDONESIA,NULL,NULL,NULL,3.98525,NULL,NULL,NULL,-0.0097,NULL,NULL,NULL,-0.893051,NULL,NULL,NULL,NULL,0,0,0,0,0,0,0,0,0,0,0,0,0,0,0,0,NULL,1.5743999481,NULL,3.9852485657,2.7572678601,NULL,7.3664483654,NULL,-0.206799984,NULL,-0.0097000003,-0.3621716007,NULL,-0.0179297602,NULL,-0.8872489929,NULL,-0.8930511475,-1.553851126,NULL,-1.6507414925,NULL,NULL,NULL,NULL,NULL,NULL,NULL,2.75727,NULL,7.36645,1.42912,NULL,-0.36217,NULL,-0.01793,-1.93835,NULL,-1.55385,NULL,-1.65074,4.07822,NULL,NULL,NULL,NULL,NULL,NULL
803930,2012-01-28,WW,0,False,CFM56,FDM,2011-11-05,2012-04-30,31.4548,30.3351,27.4696,28.788,0.93775,0.67805,0.94745,0.82715,59.5639,59.5073,60.4569,61.58,NULL,NULL,NULL,NULL,1.1197,3.98525,0.2597,-0.0097,0.0565987,-0.893051,NULL,NULL,2012-01-28,4354,4354.5843,CFM56-7B26/3,LGU,1,LNI,541,606,1,LNI,LION MENTARI AIRLINES,CFM56-7B,INC,CSO - ASIA,INDONESIA,NULL,NULL,NULL,-1.5471,NULL,NULL,NULL,0.1491,NULL,NULL,NULL,2.07275,NULL,NULL,NULL,NULL,0,0,0,0,0,0,0,0,0,0,0,0,0,0,0,0,NULL,3.9852485657,NULL,-1.5471000671,7.3664483654,NULL,-2.5529704078,NULL,-0.0097000003,NULL,0.1491000056,-0.0179297602,NULL,0.2460396132,NULL,-0.8930511475,NULL,2.0727500916,-1.6507414925,NULL,3.420379689,NULL,NULL,NULL,NULL,NULL,NULL,NULL,7.36645,NULL,-2.55297,0.28096,NULL,-0.01793,NULL,0.24604,-26.7732,NULL,-1.65074,NULL,3.42038,-0.06338,NULL,NULL,NULL,NULL,NULL,NULL
803930,2012-04-30,WW,0,False,CFM56,FDM,2012-01-28,2012-07-15,28.788,28.877,30.3351,28.5525,0.82715,0.72025,0.67805,0.7321,61.58,61.9902,59.5073,64.463,NULL,NULL,NULL,NULL,-0.0889492,-1.5471,0.1069,0.1491,-0.410248,2.07275,NULL,NULL,2012-04-30,4960,4960.1245,CFM56-7B26/3,LGU,1,LNI,606,480,1,LNI,LION MENTARI AIRLINES,CFM56-7B,INC,CSO - ASIA,INDONESIA,NULL,NULL,NULL,-0.324549,NULL,NULL,NULL,0.01185,NULL,NULL,NULL,2.4727,NULL,NULL,NULL,NULL,0,0,0,0,0,0,0,0,0,0,0,0,0,0,0,0,NULL,-1.5471000671,NULL,-0.3245487213,-2.5529704078,NULL,-0.6761431694,NULL,0.1491000056,NULL,0.0118499994,0.2460396132,NULL,0.0246874988,NULL,2.0727500916,NULL,2.4727020264,3.420379689,NULL,5.1514625549,NULL,NULL,NULL,NULL,NULL,NULL,NULL,-2.55297,NULL,-0.67614,0.05749,NULL,0.24604,NULL,0.02469,0.71697,NULL,3.42038,NULL,5.15146,-0.19792,NULL,NULL,NULL,NULL,NULL,NULL
803930,2012-07-15,WW,0,False,CFM56,FDM,2012-04-30,2012-12-13,28.5525,30.9468,28.877,32.8871,0.7321,0.73685,0.72025,0.43135,64.463,50.8195,61.9902,50.0487,NULL,NULL,NULL,NULL,-2.3944,-0.324549,-0.00475001,0.01185,13.6434,2.4727,NULL,NULL,2012-07-15,5440,5440.1443,CFM56-7B26/3,LGU,1,LNI,480,902,1,LNI,LION MENTARI AIRLINES,CFM56-7B,INC,CSO - ASIA,INDONESIA,NULL,NULL,NULL,1.94025,NULL,NULL,NULL,-0.3055,NULL,NULL,NULL,-0.770851,NULL,NULL,NULL,NULL,0,0,0,0,0,0,0,0,0,0,0,0,0,0,0,0,NULL,-0.3245487213,NULL,1.9402503967,-0.6761431694,NULL,2.1510536549,NULL,0.0118499994,NULL,-0.3055000305,0.0246874988,NULL,-0.3386918298,NULL,2.4727020264,NULL,-0.7708511353,5.1514625549,NULL,-0.8546021455,NULL,NULL,NULL,NULL,NULL,NULL,NULL,-0.67614,NULL,2.15105,7.37763,NULL,0.02469,NULL,-0.33869,-0.40085,NULL,5.15146,NULL,-0.8546,5.51761,NULL,NULL,NULL,NULL,NULL,NULL
803930,2012-12-13,WW,0,False,CFM56,FDM,2012-07-15,2013-03-21,32.8871,38.2027,30.9468,38.1179,0.43135,1.14856,0.73685,1.30737,50.0487,56.3884,50.8195,57.4627,NULL,NULL,NULL,NULL,-5.31559,1.94025,-0.717205,-0.3055,-6.33969,-0.770851,NULL,NULL,2012-12-13,6342,6342.0465,CFM56-7B26/3,LGU,1,LNI,902,633,1,LNI,LION MENTARI AIRLINES,CFM56-7B,INC,CSO - ASIA,INDONESIA,NULL,NULL,NULL,-0.0848389,NULL,NULL,NULL,0.15881,NULL,NULL,NULL,1.07426,NULL,NULL,NULL,NULL,0,0,0,0,0,0,0,0,0,0,0,0,0,0,0,0,NULL,1.9402503967,NULL,-0.0848388672,2.1510536549,NULL,-0.1340266464,NULL,-0.3055000305,NULL,0.1588100195,-0.3386918298,NULL,0.2508847069,NULL,-0.7708511353,NULL,1.0742645264,-0.8546021455,NULL,1.6971003576,NULL,NULL,NULL,NULL,NULL,NULL,NULL,2.15105,NULL,-0.13403,-2.73964,NULL,-0.33869,NULL,0.25088,2.34764,NULL,-0.8546,NULL,1.6971,8.22427,NULL,NULL,NULL,NULL,NULL,NULL
803930,2013-03-21,WW,0,False,CFM56,FDM,2012-12-13,2013-06-16,38.1179,36.0317,38.2027,35.8566,1.30737,1.0615,1.14856,1.31353,57.4627,62.8697,56.3884,61.2855,NULL,NULL,NULL,NULL,2.08616,-0.0848389,0.24587,0.15881,-5.40705,1.07426,NULL,NULL,2013-03-21,6975,6975.7209,CFM56-7B26/3,LGU,1,LNI,633,489,1,LNI,LION MENTARI AIRLINES,CFM56-7B,INC,CSO - ASIA,INDONESIA,NULL,NULL,NULL,-0.175068,NULL,NULL,NULL,0.252035,NULL,NULL,NULL,-1.58418,NULL,NULL,NULL,NULL,0,0,0,0,0,0,0,0,0,0,0,0,0,0,0,0,NULL,-0.0848388672,NULL,-0.1750679016,-0.1340266464,NULL,-0.3580120687,NULL,0.1588100195,NULL,0.2520349026,0.2508847069,NULL,0.5154087987,NULL,1.0742645264,NULL,-1.5841789246,1.6971003576,NULL,-3.2396297026,NULL,NULL,NULL,NULL,NULL,NULL,NULL,-0.13403,NULL,-0.35801,-24.58966,NULL,0.25088,NULL,0.51541,1.5482,NULL,1.6971,NULL,-3.23963,-5.03326,NULL,NULL,NULL,NULL,NULL,NULL
803930,2013-06-16,WW,0,False,CFM56,FDM,2013-03-21,2013-09-18,35.8566,36.4675,36.0317,36.2968,1.31353,1.0463,1.0615,1.19785,61.2855,53.2765,62.8697,57.7845,NULL,NULL,NULL,NULL,-0.61087,-0.175068,0.26723,0.252035,8.00903,-1.58418,NULL,NULL,2013-06-16,7464,7464.2326,CFM56-7B26/3,LGU,1,LNI,489,558,1,LNI,LION MENTARI AIRLINES,CFM56-7B,INC,CSO - ASIA,INDONESIA,NULL,NULL,NULL,-0.170723,NULL,NULL,NULL,0.15155,NULL,NULL,NULL,4.50795,NULL,NULL,NULL,NULL,0,0,0,0,0,0,0,0,0,0,0,0,0,0,0,0,NULL,-0.1750679016,NULL,-0.1707229614,-0.3580120687,NULL,-0.305955128,NULL,0.2520349026,NULL,0.1515499353,0.5154087987,NULL,0.2715948662,NULL,-1.5841789246,NULL,4.5079498291,-3.2396297026,NULL,8.0787631346,NULL,NULL,NULL,NULL,NULL,NULL,NULL,-0.35801,NULL,-0.30596,3.48933,NULL,0.51541,NULL,0.27159,1.06029,NULL,-3.23963,NULL,8.07876,-5.05563,NULL,NULL,NULL,NULL,NULL,NULL
803930,2013-09-18,WW,0,False,CFM56,FDM,2013-06-16,2013-12-08,36.2968,38.9104,36.4675,39.8436,1.19785,1.56802,1.0463,1.34347,57.7845,50.7134,53.2765,52.9501,NULL,NULL,NULL,NULL,-2.61362,-0.170723,-0.370175,0.15155,7.07109,4.50795,NULL,NULL,2013-09-17,8022,8022.0829,CFM56-7B26/3,LGU,1,LNI,558,518,1,LNI,LION MENTARI AIRLINES,CFM56-7B,INC,CSO - ASIA,INDONESIA,NULL,NULL,NULL,0.933163,NULL,NULL,NULL,-0.22455,NULL,NULL,NULL,2.23679,NULL,NULL,NULL,NULL,0,0,0,0,0,0,0,0,0,0,0,0,0,0,0,0,NULL,-0.1707229614,NULL,0.9331626892,-0.305955128,NULL,1.801472373,NULL,0.1515499353,NULL,-0.2245500088,0.2715948662,NULL,-0.4334942254,NULL,4.5079498291,NULL,2.2367858887,8.0787631346,NULL,4.3181194762,NULL,NULL,NULL,NULL,NULL,NULL,NULL,-0.30596,NULL,1.80147,15.30913,NULL,0.27159,NULL,-0.43349,-2.44259,NULL,8.07876,NULL,4.31812,1.56858,NULL,NULL,NULL,NULL,NULL,NULL
803930,2013-12-08,WW,0,False,CFM56,FDM,2013-09-18,2014-03-25,39.8436,38.0053,38.9104,37.8459,1.34347,1.2843,1.56802,1.07395,52.9501,63.8381,50.7134,65.0068,NULL,NULL,NULL,NULL,1.83821,0.933163,0.05917,-0.22455,-10.888,2.23679,NULL,NULL,2013-12-08,8540,8540.1304,CFM56-7B26/3,LGU,1,LNI,518,145,1,LNI,LION MENTARI AIRLINES,CFM56-7B,INC,CSO - ASIA,INDONESIA,NULL,NULL,NULL,-0.15947,NULL,NULL,NULL,-0.21035,NULL,NULL,NULL,1.16872,NULL,NULL,NULL,NULL,0,0,0,0,0,0,0,0,0,0,0,0,0,0,0,0,NULL,0.9331626892,NULL,-0.1594696045,1.801472373,NULL,-1.0997903758,NULL,-0.2245500088,NULL,-0.2103500366,-0.4334942254,NULL,-1.4506899077,NULL,2.2367858887,NULL,1.1687164307,4.3181194762,NULL,8.0601133149,NULL,NULL,NULL,NULL,NULL,NULL,NULL,1.80147,NULL,-1.09979,1.96988,NULL,-0.43349,NULL,-1.45069,-0.2635,NULL,4.31812,NULL,8.06011,-4.86769,NULL,NULL,NULL,NULL,NULL,NULL
803930,2014-03-25,WW,0,False,CFM56,FDM,2013-12-08,2014-06-16,37.8459,NULL,38.0053,NULL,1.07395,NULL,1.2843,NULL,65.0068,NULL,63.8381,NULL,NULL,NULL,NULL,NULL,NULL,-0.15947,NULL,-0.21035,NULL,1.16872,NULL,NULL,2013-12-31,8685,8685.9523,CFM56-7B26/3,LGU,1,LNI,145,0,1,LNI,LION MENTARI AIRLINES,CFM56-7B,INC,CSO - ASIA,INDONESIA,NULL,NULL,NULL,NULL,NULL,NULL,NULL,NULL,NULL,NULL,NULL,NULL,NULL,NULL,NULL,NULL,0,0,0,0,0,0,0,0,0,0,0,0,0,0,0,0,NULL,-0.1594696045,NULL,NULL,-1.0997903758,NULL,NULL,NULL,-0.2103500366,NULL,NULL,-1.4506899077,NULL,NULL,NULL,1.1687164307,NULL,NULL,8.0601133149,NULL,NULL,NULL,NULL,NULL,NULL,NULL,NULL,NULL,-1.09979,NULL,NULL,NULL,NULL,-1.45069,NULL,NULL,NULL,NULL,8.06011,NULL,NULL,NULL,NULL,NULL,NULL,NULL,NULL,NULL
803930,2014-06-16,WW,0,False,CFM56,FDM,2014-03-25,2014-08-04,NULL,NULL,NULL,NULL,NULL,NULL,NULL,NULL,NULL,NULL,NULL,NULL,NULL,NULL,NULL,NULL,NULL,NULL,NULL,NULL,NULL,NULL,NULL,NULL,2013-12-31,8685,8685.9523,CFM56-7B26/3,LGU,1,LNI,0,0,1,LNI,LION MENTARI AIRLINES,CFM56-7B,INC,CSO - ASIA,INDONESIA,NULL,NULL,NULL,NULL,NULL,NULL,NULL,NULL,NULL,NULL,NULL,NULL,NULL,NULL,NULL,NULL,0,0,0,0,0,0,0,0,0,0,0,0,0,0,0,0,NULL,NULL,NULL,NULL,NULL,NULL,NULL,NULL,NULL,NULL,NULL,NULL,NULL,NULL,NULL,NULL,NULL,NULL,NULL,NULL,NULL,NULL,NULL,NULL,NULL,NULL,NULL,NULL,NULL,NULL,NULL,NULL,NULL,NULL,NULL,NULL,NULL,NULL,NULL,NULL,NULL,NULL,NULL,NULL,NULL,NULL,NULL,NULL
803930,2014-08-04,WW,0,False,CFM56,FDM,2014-06-16,2014-09-16,NULL,NULL,NULL,NULL,NULL,NULL,NULL,NULL,NULL,NULL,NULL,NULL,NULL,NULL,NULL,NULL,NULL,NULL,NULL,NULL,NULL,NULL,NULL,NULL,2013-12-31,8685,8685.9523,CFM56-7B26/3,LGU,1,LNI,0,0,1,LNI,LION MENTARI AIRLINES,CFM56-7B,INC,CSO - ASIA,INDONESIA,NULL,NULL,NULL,NULL,NULL,NULL,NULL,NULL,NULL,NULL,NULL,NULL,NULL,NULL,NULL,NULL,0,0,0,0,0,0,0,0,0,0,0,0,0,0,0,0,NULL,NULL,NULL,NULL,NULL,NULL,NULL,NULL,NULL,NULL,NULL,NULL,NULL,NULL,NULL,NULL,NULL,NULL,NULL,NULL,NULL,NULL,NULL,NULL,NULL,NULL,NULL,NULL,NULL,NULL,NULL,NULL,NULL,NULL,NULL,NULL,NULL,NULL,NULL,NULL,NULL,NULL,NULL,NULL,NULL,NULL,NULL,NULL
803930,2014-09-16,WW,0,False,CFM56,FDM,2014-08-04,2014-12-29,NULL,NULL,NULL,NULL,NULL,NULL,NULL,NULL,NULL,NULL,NULL,NULL,NULL,NULL,NULL,NULL,NULL,NULL,NULL,NULL,NULL,NULL,NULL,NULL,2013-12-31,8685,8685.9523,CFM56-7B26/3,LGU,1,LNI,0,0,1,LNI,LION MENTARI AIRLINES,CFM56-7B,INC,CSO - ASIA,INDONESIA,NULL,NULL,NULL,NULL,NULL,NULL,NULL,NULL,NULL,NULL,NULL,NULL,NULL,NULL,NULL,NULL,0,0,0,0,0,0,0,0,0,0,0,0,0,0,0,0,NULL,NULL,NULL,NULL,NULL,NULL,NULL,NULL,NULL,NULL,NULL,NULL,NULL,NULL,NULL,NULL,NULL,NULL,NULL,NULL,NULL,NULL,NULL,NULL,NULL,NULL,NULL,NULL,NULL,NULL,NULL,NULL,NULL,NULL,NULL,NULL,NULL,NULL,NULL,NULL,NULL,NULL,NULL,NULL,NULL,NULL,NULL,NULL
803930,2014-12-29,WW,0,False,CFM56,FDM,2014-09-16,2015-05-23,NULL,NULL,NULL,NULL,NULL,NULL,NULL,NULL,NULL,NULL,NULL,NULL,NULL,NULL,NULL,NULL,NULL,NULL,NULL,NULL,NULL,NULL,NULL,NULL,2013-12-31,8685,8685.9523,CFM56-7B26/3,LGU,1,LNI,0,0,1,LNI,LION MENTARI AIRLINES,CFM56-7B,INC,CSO - ASIA,INDONESIA,NULL,NULL,NULL,NULL,NULL,NULL,NULL,NULL,NULL,NULL,NULL,NULL,NULL,NULL,NULL,NULL,0,0,0,0,0,0,0,0,0,0,0,0,0,0,0,0,NULL,NULL,NULL,NULL,NULL,NULL,NULL,NULL,NULL,NULL,NULL,NULL,NULL,NULL,NULL,NULL,NULL,NULL,NULL,NULL,NULL,NULL,NULL,NULL,NULL,NULL,NULL,NULL,NULL,NULL,NULL,NULL,NULL,NULL,NULL,NULL,NULL,NULL,NULL,NULL,NULL,NULL,NULL,NULL,NULL,NULL,NULL,NULL
803930,2015-05-23,WW,0,False,CFM56,FDM,2014-12-29,2015-11-30,NULL,NULL,NULL,NULL,NULL,NULL,NULL,NULL,NULL,NULL,NULL,NULL,NULL,NULL,NULL,NULL,NULL,NULL,NULL,NULL,NULL,NULL,NULL,NULL,2013-12-31,8685,8685.9523,CFM56-7B26/3,LGU,1,LNI,0,0,1,LNI,LION MENTARI AIRLINES,CFM56-7B,INC,CSO - ASIA,INDONESIA,NULL,NULL,NULL,NULL,NULL,NULL,NULL,NULL,NULL,NULL,NULL,NULL,NULL,NULL,NULL,NULL,0,0,0,0,0,0,0,0,0,0,0,0,0,0,0,0,NULL,NULL,NULL,NULL,NULL,NULL,NULL,NULL,NULL,NULL,NULL,NULL,NULL,NULL,NULL,NULL,NULL,NULL,NULL,NULL,NULL,NULL,NULL,NULL,NULL,NULL,NULL,NULL,NULL,NULL,NULL,NULL,NULL,NULL,NULL,NULL,NULL,NULL,NULL,NULL,NULL,NULL,NULL,NULL,NULL,NULL,NULL,NULL
803930,2015-11-30,WW,0,False,CFM56,FDM,2015-05-23,2016-07-07,NULL,51.1967,NULL,47.9015,NULL,2.03524,NULL,2.02479,NULL,34.5348,NULL,31.8107,NULL,NULL,NULL,NULL,NULL,NULL,NULL,NULL,NULL,NULL,NULL,NULL,2013-12-31,8685,8685.9523,CFM56-7B26/3,LGU,1,LNI,0,4441,1,LNI,LION MENTARI AIRLINES,CFM56-7B,INC,CSO - ASIA,INDONESIA,NULL,NULL,NULL,-3.29527,NULL,NULL,NULL,-0.0104549,NULL,NULL,NULL,-2.72416,NULL,NULL,NULL,NULL,0,0,0,0,0,0,0,0,0,0,0,0,0,0,0,0,NULL,NULL,NULL,-3.2952728271,NULL,NULL,-0.742011445,NULL,NULL,NULL,-0.0104548931,NULL,NULL,-0.0023541754,NULL,NULL,NULL,-2.7241573334,NULL,NULL,-0.6134107934,NULL,NULL,NULL,NULL,NULL,NULL,NULL,NULL,NULL,-0.74201,NULL,NULL,NULL,NULL,-0.00235,NULL,NULL,NULL,NULL,-0.61341,NULL,NULL,NULL,NULL,NULL,NULL,NULL
803930,2016-07-07,WW,0,False,CFM56,FDM,2015-11-30,2016-09-19,47.9015,51.7132,51.1967,50.4566,2.02479,2.42149,2.03524,2.49372,31.8107,24.6334,34.5348,32.5724,NULL,NULL,NULL,NULL,-3.8117,-3.29527,-0.3967,-0.0104549,7.17726,-2.72416,NULL,NULL,2016-07-07,13126,13126.7446,CFM56-7B26/3,LGU,1,LNI,4441,434,1,LNI,LION MENTARI AIRLINES,CFM56-7B,INC,CSO - ASIA,INDONESIA,NULL,NULL,NULL,-1.25653,NULL,NULL,NULL,0.0722251,NULL,NULL,NULL,7.93895,NULL,NULL,NULL,NULL,0,0,0,0,0,0,0,0,0,0,0,0,0,0,0,0,NULL,-3.2952728271,NULL,-1.2565307617,-0.742011445,NULL,-2.8952321699,NULL,-0.0104548931,NULL,0.0722250938,-0.0023541754,NULL,0.1664172669,NULL,-2.7241573334,NULL,7.938949585,-0.6134107934,NULL,18.2925105644,NULL,NULL,NULL,NULL,NULL,NULL,NULL,-0.74201,NULL,-2.89523,1.15672,NULL,-0.00235,NULL,0.16642,37.94395,NULL,-0.61341,NULL,18.29251,-2.63467,NULL,NULL,NULL,NULL,NULL,NULL
803930,2016-09-19,WW,0,False,CFM56,FDM,2016-07-07,2016-11-24,50.4566,48.0289,51.7132,47.5615,2.49372,2.55614,2.42149,2.56304,32.5724,32.5568,24.6334,35.528,NULL,NULL,NULL,NULL,2.42769,-1.25653,-0.0624249,0.0722251,0.0155754,7.93895,NULL,NULL,2016-09-19,13560,13560.8094,CFM56-7B26/3,LGU,1,LNI,434,225,1,LNI,LION MENTARI AIRLINES,CFM56-7B,INC,CSO - ASIA,INDONESIA,NULL,NULL,NULL,-0.467472,NULL,NULL,NULL,0.00689507,NULL,NULL,NULL,2.97121,NULL,NULL,NULL,NULL,0,0,0,0,0,0,0,0,0,0,0,0,0,0,0,0,NULL,-1.2565307617,NULL,-0.4674720764,-2.8952321699,NULL,-2.077653673,NULL,0.0722250938,NULL,0.0068950653,0.1664172669,NULL,0.0306447347,NULL,7.938949585,NULL,2.971206665,18.2925105644,NULL,13.2053629557,NULL,NULL,NULL,NULL,NULL,NULL,NULL,-2.89523,NULL,-2.07765,-1.93206,NULL,0.16642,NULL,0.03064,-0.86431,NULL,18.29251,NULL,13.20536,0.00196,NULL,NULL,NULL,NULL,NULL,NULL
803930,2016-11-24,WW,0,False,CFM56,FDM,2016-09-19,2017-03-16,47.5615,47.8875,48.0289,46.9456,2.56304,2.24462,2.55614,2.1514,35.528,29.1838,32.5568,27.4,NULL,NULL,NULL,NULL,-0.326,-0.467472,0.318415,0.00689507,6.34421,2.97121,NULL,NULL,2016-10-30,13785,13785.5079,CFM56-7B26/3,LGU,1,LNI,225,825,1,LNI,LION MENTARI AIRLINES,CFM56-7B,INC,CSO - ASIA,INDONESIA,NULL,NULL,NULL,-0.941822,NULL,NULL,NULL,-0.093225,NULL,NULL,NULL,-1.7838,NULL,NULL,NULL,NULL,0,0,0,0,0,0,0,0,0,0,0,0,0,0,0,0,NULL,-0.4674720764,NULL,-0.941822052,-2.077653673,NULL,-1.1416024873,NULL,0.0068950653,NULL,-0.0932250023,0.0306447347,NULL,-0.1130000028,NULL,2.971206665,NULL,-1.7838001251,13.2053629557,NULL,-2.1621819698,NULL,NULL,NULL,NULL,NULL,NULL,NULL,-2.07765,NULL,-1.1416,0.69737,NULL,0.03064,NULL,-0.113,46.18012,NULL,13.20536,NULL,-2.16218,2.13523,NULL,NULL,NULL,NULL,NULL,NULL
803930,2017-03-16,WW,0,False,CFM56,FDM,2016-11-24,2017-05-18,46.9456,50.5305,47.8875,50.2659,2.1514,2.08837,2.24462,1.93858,27.4,28.0176,29.1838,28.5034,NULL,NULL,NULL,NULL,-3.58484,-0.941822,0.063025,-0.093225,-0.617565,-1.7838,NULL,NULL,2017-03-16,14610,14610.3124,CFM56-7B26/3,LGU,1,LNI,825,280,1,LNI,LION MENTARI AIRLINES,CFM56-7B,INC,CSO - ASIA,INDONESIA,NULL,NULL,NULL,-0.264565,NULL,NULL,NULL,-0.149795,NULL,NULL,NULL,0.485855,NULL,NULL,NULL,NULL,0,0,0,0,0,0,0,0,0,0,0,0,0,0,0,0,NULL,-0.941822052,NULL,-0.2645645142,-1.1416024873,NULL,-0.9448732649,NULL,-0.0932250023,NULL,-0.1497950554,-0.1130000028,NULL,-0.5349823407,NULL,-1.7838001251,NULL,0.4858551025,-2.1621819698,NULL,1.7351967948,NULL,NULL,NULL,NULL,NULL,NULL,NULL,-1.1416,NULL,-0.94487,3.80628,NULL,-0.113,NULL,-0.53498,-0.67605,NULL,-2.16218,NULL,1.7352,0.34621,NULL,NULL,NULL,NULL,NULL,NULL
803930,2017-05-18,WW,0,False,CFM56,FDM,2017-03-16,2017-12-06,50.2659,50.7404,50.5305,51.2088,1.93858,1.90051,2.08837,2.26684,28.5034,23.7217,28.0176,23.1402,NULL,NULL,NULL,NULL,-0.474514,-0.264565,0.0380601,-0.149795,4.78169,0.485855,NULL,NULL,2017-05-18,14890,14890.08,CFM56-7B26/3,LGU,1,LNI,280,1251,1,LNI,LION MENTARI AIRLINES,CFM56-7B,INC,CSO - ASIA,INDONESIA,NULL,NULL,NULL,0.46838,NULL,NULL,NULL,0.366325,NULL,NULL,NULL,-0.581474,NULL,NULL,NULL,NULL,0,0,0,0,0,0,0,0,0,0,0,0,0,0,0,0,NULL,-0.2645645142,NULL,0.4683799744,-0.9448732649,NULL,0.3744044559,NULL,-0.1497950554,NULL,0.3663250208,-0.5349823407,NULL,0.292825756,NULL,0.4858551025,NULL,-0.5814743042,1.7351967948,NULL,-0.4648075973,NULL,NULL,NULL,NULL,NULL,NULL,NULL,-0.94487,NULL,0.3744,1.79357,NULL,-0.53498,NULL,0.29283,-0.25408,NULL,1.7352,NULL,-0.46481,9.8418,NULL,NULL,NULL,NULL,NULL,NULL
803930,2017-12-06,WW,0,False,CFM56,FDM,2017-05-18,2018-01-12,51.2088,48.5932,50.7404,45.5209,2.26684,1.79823,1.90051,1.69012,23.1402,32.3557,23.7217,30.6871,NULL,NULL,NULL,NULL,2.61559,0.46838,0.468615,0.366325,-9.21541,-0.581474,NULL,NULL,2017-12-06,16141,16141.335,CFM56-7B26/3,LGU,1,LNI,1251,168,1,LNI,LION MENTARI AIRLINES,CFM56-7B,INC,CSO - ASIA,INDONESIA,NULL,NULL,NULL,-3.07236,NULL,NULL,NULL,-0.1081,NULL,NULL,NULL,-1.66859,NULL,NULL,NULL,NULL,0,0,0,0,0,0,0,0,0,0,0,0,0,0,0,0,NULL,0.4683799744,NULL,-3.0723609924,0.3744044559,NULL,-18.2878630502,NULL,0.3663250208,NULL,-0.1081000566,0.292825756,NULL,-0.6434527181,NULL,-0.5814743042,NULL,-1.6685905457,-0.4648075973,NULL,-9.9320865813,NULL,NULL,NULL,NULL,NULL,NULL,NULL,0.3744,NULL,-18.28786,5.58434,NULL,0.29283,NULL,-0.64345,1.27923,NULL,-0.46481,NULL,-9.93209,15.84835,NULL,NULL,NULL,NULL,NULL,NULL
803930,2018-01-12,WW,0,False,CFM56,FDM,2017-12-06,2018-04-06,45.5209,NULL,48.5932,NULL,1.69012,NULL,1.79823,NULL,30.6871,NULL,32.3557,NULL,NULL,NULL,NULL,NULL,NULL,-3.07236,NULL,-0.1081,NULL,-1.66859,NULL,NULL,2017-12-31,16309,16309.355,CFM56-7B26/3,LGU,1,LNI,168,0,1,LNI,LION MENTARI AIRLINES,CFM56-7B,INC,CSO - ASIA,INDONESIA,NULL,NULL,NULL,NULL,NULL,NULL,NULL,NULL,NULL,NULL,NULL,NULL,NULL,NULL,NULL,NULL,0,0,0,0,0,0,0,0,0,0,0,0,0,0,0,0,NULL,-3.0723609924,NULL,NULL,-18.2878630502,NULL,NULL,NULL,-0.1081000566,NULL,NULL,-0.6434527181,NULL,NULL,NULL,-1.6685905457,NULL,NULL,-9.9320865813,NULL,NULL,NULL,NULL,NULL,NULL,NULL,NULL,NULL,-18.28786,NULL,NULL,NULL,NULL,-0.64345,NULL,NULL,NULL,NULL,-9.93209,NULL,NULL,NULL,NULL,NULL,NULL,NULL,NULL,NULL
803930,2018-04-06,WW,0,False,CFM56,FDM,2018-01-12,2018-11-10,NULL,NULL,NULL,NULL,NULL,NULL,NULL,NULL,NULL,NULL,NULL,NULL,NULL,NULL,NULL,NULL,NULL,NULL,NULL,NULL,NULL,NULL,NULL,NULL,2017-12-31,16309,16309.355,CFM56-7B26/3,LGU,1,LNI,0,0,1,LNI,LION MENTARI AIRLINES,CFM56-7B,INC,CSO - ASIA,INDONESIA,NULL,NULL,NULL,NULL,NULL,NULL,NULL,NULL,NULL,NULL,NULL,NULL,NULL,NULL,NULL,NULL,0,0,0,0,0,0,0,0,0,0,0,0,0,0,0,0,NULL,NULL,NULL,NULL,NULL,NULL,NULL,NULL,NULL,NULL,NULL,NULL,NULL,NULL,NULL,NULL,NULL,NULL,NULL,NULL,NULL,NULL,NULL,NULL,NULL,NULL,NULL,NULL,NULL,NULL,NULL,NULL,NULL,NULL,NULL,NULL,NULL,NULL,NULL,NULL,NULL,NULL,NULL,NULL,NULL,NULL,NULL,NULL
803930,2018-11-10,INSTALL,1,True,CFM56,ENG_UTIL,2018-04-06,2019-04-29,NULL,39.1129,NULL,36.1675,NULL,2.90446,NULL,2.27363,NULL,43.9672,NULL,37.6532,NULL,-0.01884,NULL,-0.01887,NULL,NULL,NULL,NULL,NULL,NULL,NULL,NULL,2017-12-31,16309,16309.355,CFM56-7B26/3,LGU,1,LNI,NULL,1303,2,LNI,LION MENTARI AIRLINES,CFM56-7B,INC,CSO - ASIA,INDONESIA,39.1129,NULL,0,-2.94539,2.90446,NULL,0,-0.630825,43.9672,NULL,0,-6.31393,-0.01884,NULL,0,-2.99998e-05,0,0,0,NULL,0,0,0,NULL,0,0,0,NULL,0,0,0,NULL,NULL,NULL,0,NULL,NULL,NULL,NULL,NULL,NULL,0,NULL,NULL,NULL,NULL,NULL,NULL,0,NULL,NULL,NULL,NULL,NULL,NULL,0,NULL,NULL,NULL,NULL,NULL,NULL,-2.26047,NULL,NULL,NULL,NULL,-0.48413,NULL,NULL,NULL,NULL,-4.84568,NULL,NULL,NULL,NULL,-2e-05,NULL,NULL
803930,2019-04-29,REMOVAL,1,True,CFM56,ENG_UTIL,2018-11-10,NULL,36.1675,NULL,39.1129,NULL,2.27363,NULL,2.90446,NULL,37.6532,NULL,43.9672,NULL,-0.01887,NULL,-0.01884,NULL,NULL,-2.94539,NULL,-0.630825,NULL,-6.31393,NULL,-2.99998e-05,2019-04-28,17612,599.1143,CFM56-7B24/3,LOO,2,LNI,1303,NULL,2,LNI,LION MENTARI AIRLINES,CFM56-7B,INC,CSO - ASIA,INDONESIA,39.1129,-2.94539,NULL,NULL,2.90446,-0.630825,NULL,NULL,43.9672,-6.31393,NULL,NULL,-0.01884,-2.99998e-05,NULL,NULL,0,0,NULL,NULL,0,0,NULL,NULL,0,0,NULL,NULL,0,0,NULL,NULL,-2.9453926086,-2.9453926086,NULL,NULL,-2.2604701525,-4.9162448779,NULL,-0.6308250427,-0.6308250427,NULL,NULL,-0.4841328033,-1.0529293704,NULL,-6.3139266968,-6.3139266968,NULL,NULL,-4.8456843413,-10.5387681395,NULL,-2.99997627735138e-05,-2.99997627735138e-05,NULL,NULL,-2.30236091891894e-05,-5.0073521485823e-05,NULL,-2.26047,-4.91624,NULL,NULL,NULL,-0.48413,-1.05293,NULL,NULL,NULL,-4.84568,-10.53877,NULL,NULL,NULL,-2e-05,-5e-05,NULL,NULL,NULL
804705,2011-01-19,INSTALL,0,True,CFM56,ENG_UTIL,NULL,2011-09-08,NULL,20.5806,NULL,22.082,NULL,0.39835,NULL,0.5017,NULL,63.8863,NULL,61.9933,NULL,NULL,NULL,NULL,NULL,NULL,NULL,NULL,NULL,NULL,NULL,NULL,NULL,NULL,NULL,NULL,NULL,NULL,NULL,NULL,NULL,1,LNI,LION MENTARI AIRLINES,CFM56-7B,INC,CSO - ASIA,INDONESIA,20.5806,NULL,0,1.50135,0.39835,NULL,0,0.10335,63.8863,NULL,0,-1.89305,NULL,NULL,NULL,NULL,0,NULL,0,0,0,NULL,0,0,0,NULL,0,0,0,NULL,0,0,NULL,NULL,0,1.5013504028,NULL,NULL,NULL,NULL,NULL,0,0.1033499837,NULL,NULL,NULL,NULL,NULL,0,-1.8930473328,NULL,NULL,NULL,NULL,NULL,NULL,NULL,NULL,NULL,NULL,NULL,NULL,NULL,NULL,NULL,NULL,NULL,NULL,NULL,NULL,NULL,NULL,NULL,NULL,NULL,NULL,NULL,NULL,NULL,NULL
804705,2011-09-08,WW,0,False,CFM56,FDM,2011-01-19,2011-12-08,22.082,21.7755,20.5806,20.6587,0.5017,0.5058,0.39835,0.47655,61.9933,62.0569,63.8863,60.4283,NULL,NULL,NULL,NULL,0.306452,1.50135,-0.00410002,0.10335,-0.063549,-1.89305,NULL,NULL,2011-09-08,910,910.03,CFM56-7B26/3,LHQ,1,LNI,NULL,607,1,LNI,LION MENTARI AIRLINES,CFM56-7B,INC,CSO - ASIA,INDONESIA,20.5806,1.50135,1.1949,-1.1168,0.39835,0.10335,0.10745,-0.02925,63.8863,-1.89305,-1.8295,-1.6285,NULL,NULL,NULL,NULL,0,0,0,0,0,0,0,0,0,0,0,0,0,0,0,0,1.5013504028,1.5013504028,1.1948986053,-1.1168003082,NULL,1.6497812191,-1.8398687121,0.1033499837,0.1033499837,0.1074500084,-0.0292499959,NULL,0.1135676667,-0.0481878022,-1.8930473328,-1.8930473328,-1.829498291,-1.6285018921,NULL,-2.0802032161,-2.682869674,NULL,NULL,NULL,NULL,NULL,NULL,NULL,NULL,1.64978,-1.83987,0.20412,0.20412,NULL,0.11357,-0.04819,-0.03967,-0.03967,NULL,-2.0802,-2.68287,0.03357,0.03357,NULL,NULL,NULL,NULL,NULL
804705,2011-12-08,WW,0,False,CFM56,FDM,2011-09-08,2012-03-04,20.6587,21.3182,21.7755,20.7269,0.47655,-0.05445,0.5058,-0.02455,60.4283,62.2241,62.0569,62.669,NULL,NULL,NULL,NULL,-0.6595,-1.1168,0.531,-0.02925,-1.79575,-1.6285,NULL,NULL,2011-12-08,1517,1517.9071,CFM56-7B26/3,LHQ,1,LNI,607,575,1,LNI,LION MENTARI AIRLINES,CFM56-7B,INC,CSO - ASIA,INDONESIA,20.5806,0.0780983,0.737598,-0.591349,0.39835,0.0782,-0.4528,0.0299,63.8863,-3.458,-1.66225,0.44495,NULL,NULL,NULL,NULL,0,0,0,0,0,0,0,0,0,0,0,0,0,0,0,0,0.0780982971,-1.1168003082,0.7375984192,-0.5913486481,-1.8398687121,0.0514513023,-1.0284324314,0.0782000124,-0.0292499959,-0.4528000057,0.0298999976,-0.0481878022,0.0515183126,0.0519999959,-3.4580001831,-1.6285018921,-1.6622505188,0.4449501038,-2.682869674,-2.2781369052,0.7738262674,NULL,NULL,NULL,NULL,NULL,NULL,NULL,-1.83987,0.05145,-1.02843,0.59053,-8.44449,-0.04819,0.05152,0.052,-18.15385,6.79028,-2.68287,-2.27814,0.77383,1.1027,0.5193,NULL,NULL,NULL,NULL,NULL
804705,2012-03-04,WW,0,False,CFM56,FDM,2011-12-08,2012-06-04,20.7269,20.0789,21.3182,19.8688,-0.02455,-0.6968,-0.05445,-0.6221,62.669,62.0135,62.2241,65.3795,NULL,NULL,NULL,NULL,0.647951,-0.591349,0.67225,0.0299,0.655499,0.44495,NULL,NULL,2012-03-04,2092,2092.8753,CFM56-7B26/3,LHQ,1,LNI,575,598,1,LNI,LION MENTARI AIRLINES,CFM56-7B,INC,CSO - ASIA,INDONESIA,20.5806,0.14625,-0.501701,-0.2101,0.39835,-0.4229,-1.09515,0.0747,63.8863,-1.2173,-1.8728,3.366,NULL,NULL,NULL,NULL,0,0,0,0,0,0,0,0,0,0,0,0,0,0,0,0,0.1462497711,-0.5913486481,-0.501701355,-0.210100174,-1.0284324314,0.0698798305,-0.3513380835,-0.4228999913,0.0298999976,-1.0951499939,0.0746999979,0.0519999959,-0.2020665021,0.1249163845,-1.217300415,0.4449501038,-1.8727989197,3.3659973145,0.7738262674,-0.5816402033,5.6287580509,NULL,NULL,NULL,NULL,NULL,NULL,NULL,-1.02843,0.06988,-0.35134,-1.09572,4.43044,0.052,-0.20207,0.12492,22.48328,-1.58962,0.77383,-0.58164,5.62876,1.4732,-0.53849,NULL,NULL,NULL,NULL,NULL
804705,2012-06-04,WW,0,False,CFM56,FDM,2012-03-04,2012-08-26,19.8688,19.1096,20.0789,20.2146,-0.6221,-0.9865,-0.6968,-0.9139,65.3795,57.0444,62.0135,54.3013,NULL,NULL,NULL,NULL,0.759249,-0.2101,0.3644,0.0747,8.3351,3.366,NULL,NULL,2012-06-04,2690,2690.6471,CFM56-7B26/3,LHQ,1,LNI,598,513,1,LNI,LION MENTARI AIRLINES,CFM56-7B,INC,CSO - ASIA,INDONESIA,20.5806,-0.711802,-1.47105,1.10505,0.39835,-1.02045,-1.38485,0.0726,63.8863,1.4932,-6.8419,-2.7431,NULL,NULL,NULL,NULL,0,0,0,0,0,0,0,0,0,0,0,0,0,0,0,0,-0.7118015289,-0.210100174,-1.4710502625,1.1050491333,-0.3513380835,-0.2645465951,2.1540918778,-1.020449996,0.0746999979,-1.3848500252,0.0726000071,0.1249163845,-0.3792582074,0.1415204816,1.4931983948,3.3659973145,-6.8418998718,-2.7430992126,5.6287580509,0.5549588405,-5.3471719545,NULL,NULL,NULL,NULL,NULL,NULL,NULL,-0.35134,-0.26455,2.15409,-3.61375,-1.06666,0.12492,-0.37926,0.14152,4.87818,-0.3571,5.62876,0.55496,-5.34717,2.47626,5.58204,NULL,NULL,NULL,NULL,NULL
804705,2012-08-26,WW,0,False,CFM56,FDM,2012-06-04,2012-12-31,20.2146,23.5044,19.1096,27.8689,-0.9139,-0.272065,-0.9865,-0.509,54.3013,53.8373,57.0444,52.1594,NULL,NULL,NULL,NULL,-3.28985,1.10505,-0.641835,0.0726,0.46405,-2.7431,NULL,NULL,2012-08-26,3203,3203.1326,CFM56-7B26/3,LHQ,1,LNI,513,837,1,LNI,LION MENTARI AIRLINES,CFM56-7B,INC,CSO - ASIA,INDONESIA,20.5806,-0.366001,2.92385,4.36447,0.39835,-1.31225,-0.670415,-0.236935,63.8863,-9.585,-10.049,-1.67793,NULL,NULL,NULL,NULL,0,0,0,0,0,0,0,0,0,0,0,0,0,0,0,0,-0.3660011292,1.1050491333,2.9238491058,4.3644657135,2.1540918778,-0.114263496,5.2144154283,-1.3122500181,0.0726000071,-0.6704149842,-0.2369350195,0.1415204816,-0.4096770824,-0.2830764868,-9.5849990845,-2.7430992126,-10.0490493774,-1.6779289246,-5.3471719545,-2.9923828581,-2.0046940556,NULL,NULL,NULL,NULL,NULL,NULL,NULL,2.15409,-0.11426,5.21442,-2.97711,8.98863,0.14152,-0.40968,-0.28308,-8.8407,0.48911,-5.34717,-2.99238,-2.00469,-0.16917,-0.04841,NULL,NULL,NULL,NULL,NULL
804705,2012-12-31,WW,0,False,CFM56,FDM,2012-08-26,2013-01-19,27.8689,21.9385,23.5044,21.6414,-0.509,-0.500825,-0.272065,-0.49179,52.1594,59.6549,53.8373,60.4165,NULL,NULL,NULL,NULL,5.93043,4.36447,-0.00817502,-0.236935,-7.49549,-1.67793,NULL,NULL,2012-12-31,4040,4040.9142,CFM56-7B26/3,LHQ,1,LNI,837,123,1,LNI,LION MENTARI AIRLINES,CFM56-7B,INC,CSO - ASIA,INDONESIA,20.5806,7.28831,1.35788,-0.297064,0.39835,-0.90735,-0.899175,0.00903499,63.8863,-11.727,-4.23148,0.761635,NULL,NULL,NULL,NULL,0,0,0,0,0,0,0,0,0,0,0,0,0,0,0,0,7.2883148193,4.3644657135,1.3578834534,-0.2970638275,5.2144154283,1.8036301833,-2.4151530692,-0.9073500037,-0.2369350195,-0.8991749883,0.0090349913,-0.2830764868,-0.2245407744,0.0734552135,-11.726978302,-1.6779289246,-4.2314834595,0.7616348267,-2.0046940556,-2.9020607025,6.1921530623,NULL,NULL,NULL,NULL,NULL,NULL,NULL,5.21442,1.80363,-2.41515,1.3588,0.81369,-0.28308,-0.22454,0.07346,0.0345,0.00901,-2.00469,-2.90206,6.19215,4.46711,0.63917,NULL,NULL,NULL,NULL,NULL
804705,2013-01-19,WW,0,False,CFM56,FDM,2012-12-31,2013-05-21,21.6414,26.1895,21.9385,28.2409,-0.49179,-0.22048,-0.500825,-0.47051,60.4165,52.0511,59.6549,47.3172,NULL,NULL,NULL,NULL,-4.54811,-0.297064,-0.27131,0.00903499,8.36538,0.761635,NULL,NULL,2013-01-19,4163,4163.4596,CFM56-7B26/3,LHQ,1,LNI,123,685,1,LNI,LION MENTARI AIRLINES,CFM56-7B,INC,CSO - ASIA,INDONESIA,20.5806,1.06082,5.60892,2.0514,0.39835,-0.89014,-0.61883,-0.25003,63.8863,-3.46985,-11.8352,-4.73394,NULL,NULL,NULL,NULL,0,0,0,0,0,0,0,0,0,0,0,0,0,0,0,0,1.0608196259,-0.2970638275,5.6089248657,2.051399231,-2.4151530692,0.2547928232,2.9947434029,-0.890139997,0.0090349913,-0.6188299656,-0.2500300109,0.0734552135,-0.2137981589,-0.3650073152,-3.4698486328,0.7616348267,-11.8352241516,-4.7339363098,6.1921530623,-0.8334051405,-6.9108559267,NULL,NULL,NULL,NULL,NULL,NULL,NULL,-2.41515,0.25479,2.99474,15.3102,-4.28735,0.07346,-0.2138,-0.36501,-30.02881,0.30479,6.19215,-0.83341,-6.91086,10.98345,-2.41088,NULL,NULL,NULL,NULL,NULL
804705,2013-05-21,WW,0,False,CFM56,FDM,2013-01-19,2013-08-14,28.2409,22.8877,26.1895,21.7506,-0.47051,-0.51863,-0.22048,-0.48137,47.3172,52.4257,52.0511,53.0736,NULL,NULL,NULL,NULL,5.35324,2.0514,0.04812,-0.25003,-5.10846,-4.73394,NULL,NULL,2013-05-21,4848,4848.2576,CFM56-7B26/3,LHQ,1,LNI,685,542,1,LNI,LION MENTARI AIRLINES,CFM56-7B,INC,CSO - ASIA,INDONESIA,20.5806,7.66032,2.30708,-1.13709,0.39835,-0.86886,-0.91698,0.03726,63.8863,-16.5692,-11.4607,0.6479,NULL,NULL,NULL,NULL,0,0,0,0,0,0,0,0,0,0,0,0,0,0,0,0,7.6603240967,2.051399231,2.3070793152,-1.1370944977,2.9947434029,1.5800159003,-2.0979603278,-0.8688600063,-0.2500300109,-0.9169800282,0.0372600257,-0.3650073152,-0.1792107759,0.0687454349,-16.5691604614,-4.7339363098,-11.4606971741,0.6478996277,-6.9108559267,-3.4175495257,1.1953867669,NULL,NULL,NULL,NULL,NULL,NULL,NULL,2.99474,1.58002,-2.09796,2.60956,0.69883,-0.36501,-0.17921,0.06875,-0.19246,-0.05538,-6.91086,-3.41755,1.19539,1.07912,0.30831,NULL,NULL,NULL,NULL,NULL
804705,2013-08-14,WW,0,False,CFM56,FDM,2013-05-21,2013-11-09,21.7506,29.8292,22.8877,26.3676,-0.48137,-0.02693,-0.51863,-0.114955,53.0736,45.8653,52.4257,48.0884,NULL,NULL,NULL,NULL,-8.07858,-1.13709,-0.45444,0.03726,7.2083,0.6479,NULL,NULL,2013-08-14,5390,5390.55,CFM56-7B26/3,LHQ,1,LNI,542,519,1,LNI,LION MENTARI AIRLINES,CFM56-7B,INC,CSO - ASIA,INDONESIA,20.5806,1.16998,9.24856,-3.46154,0.39835,-0.87972,-0.42528,-0.088025,63.8863,-10.8128,-18.0211,2.22315,NULL,NULL,NULL,NULL,0,0,0,0,0,0,0,0,0,0,0,0,0,0,0,0,1.1699848175,-1.1370944977,9.2485599518,-3.4615364075,-2.0979603278,0.2170436815,-6.6696269893,-0.8797199726,0.0372600257,-0.4252800047,-0.0880250037,0.0687454349,-0.1631967003,-0.1696050167,-10.8127975464,0.6478996277,-18.0210952759,2.2231521606,1.1953867669,-2.0058802064,4.2835301747,NULL,NULL,NULL,NULL,NULL,NULL,NULL,-2.09796,0.21704,-6.66963,7.10458,-6.90485,0.06875,-0.1632,-0.16961,-12.19645,0.51657,1.19539,-2.00588,4.28353,11.12564,-0.66665,NULL,NULL,NULL,NULL,NULL
804705,2013-11-09,WW,0,False,CFM56,FDM,2013-08-14,2014-01-18,26.3676,28.1748,29.8292,28.08,-0.114955,-0.098505,-0.02693,-0.416955,48.0884,44.346,45.8653,46.3902,NULL,NULL,NULL,NULL,-1.80719,-3.46154,-0.01645,-0.088025,3.74244,2.22315,NULL,NULL,2013-11-09,5909,5909.3022,CFM56-7B26/3,LHQ,1,LNI,519,267,1,LNI,LION MENTARI AIRLINES,CFM56-7B,INC,CSO - ASIA,INDONESIA,20.5806,5.78702,7.59421,-0.094841,0.39835,-0.513305,-0.496855,-0.31845,63.8863,-15.7979,-19.5404,2.04426,NULL,NULL,NULL,NULL,0,0,0,0,0,0,0,0,0,0,0,0,0,0,0,0,5.7870235443,-3.4615364075,7.594209671,-0.0948410034,-6.6696269893,0.9793074289,-0.3552097506,-0.5133050084,-0.0880250037,-0.4968549907,-0.3184500039,-0.1696050167,-0.0868638954,-1.1926966437,-15.7979431152,2.2231521606,-19.5403823853,2.0442619324,4.2835301747,-2.673402473,7.6564117317,NULL,NULL,NULL,NULL,NULL,NULL,NULL,-6.66963,0.97931,-0.35521,0.52208,-0.31228,-0.16961,-0.08686,-1.1927,0.18688,0.03205,4.28353,-2.6734,7.65641,1.68339,-0.23689,NULL,NULL,NULL,NULL,NULL
804705,2014-01-18,WW,0,False,CFM56,FDM,2013-11-09,2014-06-14,28.08,NULL,28.1748,NULL,-0.416955,NULL,-0.098505,NULL,46.3902,NULL,44.346,NULL,NULL,NULL,NULL,NULL,NULL,-0.094841,NULL,-0.31845,NULL,2.04426,NULL,NULL,2013-12-31,6176,6176.815,CFM56-7B26/3,LHQ,1,LNI,267,0,1,LNI,LION MENTARI AIRLINES,CFM56-7B,INC,CSO - ASIA,INDONESIA,20.5806,7.49937,NULL,NULL,0.39835,-0.815305,NULL,NULL,63.8863,-17.4961,NULL,NULL,NULL,NULL,NULL,NULL,0,0,0,0,0,0,0,0,0,0,0,0,0,0,0,0,7.4993686676,-0.0948410034,NULL,NULL,-0.3552097506,1.2141157972,NULL,-0.8153049946,-0.3184500039,NULL,NULL,-1.1926966437,-0.1319944008,NULL,-17.4961204529,2.0442619324,NULL,NULL,7.6564117317,-2.8325472679,NULL,NULL,NULL,NULL,NULL,NULL,NULL,NULL,-0.35521,1.21412,NULL,NULL,NULL,-1.1927,-0.13199,NULL,NULL,NULL,7.65641,-2.83255,NULL,NULL,NULL,NULL,NULL,NULL,NULL,NULL
804705,2014-06-14,WW,0,False,CFM56,FDM,2014-01-18,2014-10-31,NULL,NULL,NULL,NULL,NULL,NULL,NULL,NULL,NULL,NULL,NULL,NULL,NULL,NULL,NULL,NULL,NULL,NULL,NULL,NULL,NULL,NULL,NULL,NULL,2013-12-31,6176,6176.815,CFM56-7B26/3,LHQ,1,LNI,0,0,1,LNI,LION MENTARI AIRLINES,CFM56-7B,INC,CSO - ASIA,INDONESIA,20.5806,NULL,NULL,NULL,0.39835,NULL,NULL,NULL,63.8863,NULL,NULL,NULL,NULL,NULL,NULL,NULL,0,0,0,0,0,0,0,0,0,0,0,0,0,0,0,0,NULL,NULL,NULL,NULL,NULL,NULL,NULL,NULL,NULL,NULL,NULL,NULL,NULL,NULL,NULL,NULL,NULL,NULL,NULL,NULL,NULL,NULL,NULL,NULL,NULL,NULL,NULL,NULL,NULL,NULL,NULL,NULL,NULL,NULL,NULL,NULL,NULL,NULL,NULL,NULL,NULL,NULL,NULL,NULL,NULL,NULL,NULL,NULL
804705,2014-10-31,WW,0,False,CFM56,FDM,2014-06-14,2015-02-05,NULL,NULL,NULL,NULL,NULL,NULL,NULL,NULL,NULL,NULL,NULL,NULL,NULL,NULL,NULL,NULL,NULL,NULL,NULL,NULL,NULL,NULL,NULL,NULL,2013-12-31,6176,6176.815,CFM56-7B26/3,LHQ,1,LNI,0,0,1,LNI,LION MENTARI AIRLINES,CFM56-7B,INC,CSO - ASIA,INDONESIA,20.5806,NULL,NULL,NULL,0.39835,NULL,NULL,NULL,63.8863,NULL,NULL,NULL,NULL,NULL,NULL,NULL,0,0,0,0,0,0,0,0,0,0,0,0,0,0,0,0,NULL,NULL,NULL,NULL,NULL,NULL,NULL,NULL,NULL,NULL,NULL,NULL,NULL,NULL,NULL,NULL,NULL,NULL,NULL,NULL,NULL,NULL,NULL,NULL,NULL,NULL,NULL,NULL,NULL,NULL,NULL,NULL,NULL,NULL,NULL,NULL,NULL,NULL,NULL,NULL,NULL,NULL,NULL,NULL,NULL,NULL,NULL,NULL
804705,2015-02-05,WW,0,False,CFM56,FDM,2014-10-31,2015-02-21,NULL,NULL,NULL,NULL,NULL,NULL,NULL,NULL,NULL,NULL,NULL,NULL,NULL,NULL,NULL,NULL,NULL,NULL,NULL,NULL,NULL,NULL,NULL,NULL,2013-12-31,6176,6176.815,CFM56-7B26/3,LHQ,1,LNI,0,0,1,LNI,LION MENTARI AIRLINES,CFM56-7B,INC,CSO - ASIA,INDONESIA,20.5806,NULL,NULL,NULL,0.39835,NULL,NULL,NULL,63.8863,NULL,NULL,NULL,NULL,NULL,NULL,NULL,0,0,0,0,0,0,0,0,0,0,0,0,0,0,0,0,NULL,NULL,NULL,NULL,NULL,NULL,NULL,NULL,NULL,NULL,NULL,NULL,NULL,NULL,NULL,NULL,NULL,NULL,NULL,NULL,NULL,NULL,NULL,NULL,NULL,NULL,NULL,NULL,NULL,NULL,NULL,NULL,NULL,NULL,NULL,NULL,NULL,NULL,NULL,NULL,NULL,NULL,NULL,NULL,NULL,NULL,NULL,NULL
804705,2015-02-21,WW,0,False,CFM56,FDM,2015-02-05,2015-06-25,NULL,NULL,NULL,NULL,NULL,NULL,NULL,NULL,NULL,NULL,NULL,NULL,NULL,NULL,NULL,NULL,NULL,NULL,NULL,NULL,NULL,NULL,NULL,NULL,2013-12-31,6176,6176.815,CFM56-7B26/3,LHQ,1,LNI,0,0,1,LNI,LION MENTARI AIRLINES,CFM56-7B,INC,CSO - ASIA,INDONESIA,20.5806,NULL,NULL,NULL,0.39835,NULL,NULL,NULL,63.8863,NULL,NULL,NULL,NULL,NULL,NULL,NULL,0,0,0,0,0,0,0,0,0,0,0,0,0,0,0,0,NULL,NULL,NULL,NULL,NULL,NULL,NULL,NULL,NULL,NULL,NULL,NULL,NULL,NULL,NULL,NULL,NULL,NULL,NULL,NULL,NULL,NULL,NULL,NULL,NULL,NULL,NULL,NULL,NULL,NULL,NULL,NULL,NULL,NULL,NULL,NULL,NULL,NULL,NULL,NULL,NULL,NULL,NULL,NULL,NULL,NULL,NULL,NULL
804705,2015-06-25,WW,0,False,CFM56,FDM,2015-02-21,2015-12-14,NULL,NULL,NULL,NULL,NULL,NULL,NULL,NULL,NULL,NULL,NULL,NULL,NULL,NULL,NULL,NULL,NULL,NULL,NULL,NULL,NULL,NULL,NULL,NULL,2013-12-31,6176,6176.815,CFM56-7B26/3,LHQ,1,LNI,0,0,1,LNI,LION MENTARI AIRLINES,CFM56-7B,INC,CSO - ASIA,INDONESIA,20.5806,NULL,NULL,NULL,0.39835,NULL,NULL,NULL,63.8863,NULL,NULL,NULL,NULL,NULL,NULL,NULL,0,0,0,0,0,0,0,0,0,0,0,0,0,0,0,0,NULL,NULL,NULL,NULL,NULL,NULL,NULL,NULL,NULL,NULL,NULL,NULL,NULL,NULL,NULL,NULL,NULL,NULL,NULL,NULL,NULL,NULL,NULL,NULL,NULL,NULL,NULL,NULL,NULL,NULL,NULL,NULL,NULL,NULL,NULL,NULL,NULL,NULL,NULL,NULL,NULL,NULL,NULL,NULL,NULL,NULL,NULL,NULL
804705,2015-12-14,WW,0,False,CFM56,FDM,2015-06-25,2016-03-18,NULL,25.155,NULL,26.0131,NULL,-0.071205,NULL,-0.81684,NULL,46.7658,NULL,45.392,NULL,NULL,NULL,NULL,NULL,NULL,NULL,NULL,NULL,NULL,NULL,NULL,2013-12-31,6176,6176.815,CFM56-7B26/3,LHQ,1,LNI,0,3977,1,LNI,LION MENTARI AIRLINES,CFM56-7B,INC,CSO - ASIA,INDONESIA,20.5806,NULL,4.57438,0.85817,0.39835,NULL,-0.469555,-0.745635,63.8863,NULL,-17.1205,-1.37388,NULL,NULL,NULL,NULL,0,0,0,0,0,0,0,0,0,0,0,0,0,0,0,0,NULL,NULL,4.5743751526,0.8581695557,NULL,NULL,0.215783142,NULL,NULL,-0.4695549905,-0.7456350327,NULL,NULL,-0.1874868073,NULL,NULL,-17.1205101013,-1.373878479,NULL,NULL,-0.3454559917,NULL,NULL,NULL,NULL,NULL,NULL,NULL,NULL,NULL,0.21578,NULL,NULL,NULL,NULL,-0.18749,NULL,NULL,NULL,NULL,-0.34546,NULL,NULL,NULL,NULL,NULL,NULL,NULL
804705,2016-03-18,WW,0,False,CFM56,FDM,2015-12-14,2016-07-05,26.0131,24.51,25.155,25.7031,-0.81684,-0.5166,-0.071205,-0.49763,45.392,47.3226,46.7658,45.2405,NULL,NULL,NULL,NULL,1.50318,0.85817,-0.30024,-0.745635,-1.93066,-1.37388,NULL,NULL,2016-03-18,10153,10153.6804,CFM56-7B26/3,LHQ,1,LNI,3977,543,1,LNI,LION MENTARI AIRLINES,CFM56-7B,INC,CSO - ASIA,INDONESIA,20.5806,5.43254,3.92937,1.19313,0.39835,-1.21519,-0.91495,0.01897,63.8863,-18.4944,-16.5637,-2.08212,NULL,NULL,NULL,NULL,0,0,0,0,0,0,0,0,0,0,0,0,0,0,0,0,5.4325447083,0.8581695557,3.9293651581,1.1931343079,0.215783142,0.5350320765,2.1973007511,-1.2151899338,-0.7456350327,-0.9149500132,0.0189700127,-0.1874868073,-0.1196797502,0.0349355666,-18.4943885803,-1.373878479,-16.5637283325,-2.0821151733,-0.3454559917,-1.8214467909,-3.8344662492,NULL,NULL,NULL,NULL,NULL,NULL,NULL,0.21578,0.53503,2.1973,1.75161,0.2767,-0.18749,-0.11968,0.03494,0.40266,0.24707,-0.34546,-1.82145,-3.83447,1.40526,0.10439,NULL,NULL,NULL,NULL,NULL
804705,2016-07-05,WW,0,False,CFM56,FDM,2016-03-18,2016-10-10,25.7031,28.2192,24.51,29.0898,-0.49763,-0.347465,-0.5166,-0.423715,45.2405,41.4471,47.3226,42.144,NULL,NULL,NULL,NULL,-2.51611,1.19313,-0.150165,0.01897,3.79341,-2.08212,NULL,NULL,2016-07-05,10696,10696.9208,CFM56-7B26/3,LHQ,1,LNI,543,504,1,LNI,LION MENTARI AIRLINES,CFM56-7B,INC,CSO - ASIA,INDONESIA,20.5806,5.1225,7.63861,0.870571,0.39835,-0.89598,-0.745815,-0.07625,63.8863,-18.6458,-22.4393,0.696941,NULL,NULL,NULL,NULL,0,0,0,0,0,0,0,0,0,0,0,0,0,0,0,0,5.1224994659,1.1931343079,7.6386089325,0.8705711365,2.1973007511,0.4788760767,1.7273236835,-0.8959800005,0.0189700127,-0.7458150387,-0.0762499869,0.0349355666,-0.0837605529,-0.1512896565,-18.6458435059,-2.0821151733,-22.4392547607,0.6969413757,-3.8344662492,-1.7431038197,1.3828201899,NULL,NULL,NULL,NULL,NULL,NULL,NULL,2.1973,0.47888,1.72732,-2.10882,-0.49119,0.03494,-0.08376,-0.15129,-7.91591,0.1676,-3.83447,-1.7431,1.38282,-1.8219,-0.20345,NULL,NULL,NULL,NULL,NULL
804705,2016-10-10,WW,0,False,CFM56,FDM,2016-07-05,2017-07-13,29.0898,34.7615,28.2192,32.8234,-0.423715,0.001705,-0.347465,-0.0985,42.144,40.8918,41.4471,41.2436,NULL,NULL,NULL,NULL,-5.67174,0.870571,-0.42542,-0.07625,1.25227,0.696941,NULL,NULL,2016-10-10,11200,11200.7119,CFM56-7B26/3,LHQ,1,LNI,504,1328,1,LNI,LION MENTARI AIRLINES,CFM56-7B,INC,CSO - ASIA,INDONESIA,20.5806,8.50918,14.1809,-1.93816,0.39835,-0.822065,-0.396645,-0.100205,63.8863,-21.7423,-22.9946,0.351822,NULL,NULL,NULL,NULL,0,0,0,0,0,0,0,0,0,0,0,0,0,0,0,0,8.509180069,0.8705711365,14.1809196472,-1.9381599426,1.7273236835,0.759699932,-1.4594577881,-0.8220649958,-0.0762499869,-0.3966450095,-0.1002049893,-0.1512896565,-0.0733939952,-0.0754555642,-21.742313385,0.6969413757,-22.9945869446,0.3518218994,1.3828201899,-1.9411545962,0.2649261291,NULL,NULL,NULL,NULL,NULL,NULL,NULL,1.72732,0.7597,-1.45946,-6.51496,-0.66654,-0.15129,-0.07339,-0.07546,5.57928,0.5175,1.38282,-1.94115,0.26493,1.79681,-0.0576,NULL,NULL,NULL,NULL,NULL
804705,2017-07-13,WW,0,False,CFM56,FDM,2016-10-10,2017-10-02,32.8234,40.5651,34.7615,38.2833,-0.0985,0.37775,0.001705,0.66277,41.2436,32.6073,40.8918,35.3558,NULL,NULL,NULL,NULL,-7.74172,-1.93816,-0.47625,-0.100205,8.63625,0.351822,NULL,NULL,2017-07-13,12528,12528.1374,CFM56-7B26/3,LHQ,1,LNI,1328,545,1,LNI,LION MENTARI AIRLINES,CFM56-7B,INC,CSO - ASIA,INDONESIA,20.5806,12.2428,19.9845,-2.28181,0.39835,-0.49685,-0.0206,0.28502,63.8863,-22.6428,-31.279,2.74844,NULL,NULL,NULL,NULL,0,0,0,0,0,0,0,0,0,0,0,0,0,0,0,0,12.2427597046,-1.9381599426,19.9844779968,-2.2818145752,-1.4594577881,0.9772210596,-4.1868157343,-0.4968499839,-0.1002049893,-0.0205999911,0.285019964,-0.0754555642,-0.0396587272,0.522972411,-22.6427650452,0.3518218994,-31.2790184021,2.7484359741,0.2649261291,-1.8073528668,5.0430017874,NULL,NULL,NULL,NULL,NULL,NULL,NULL,-1.45946,0.97722,-4.18682,3.99437,-0.63235,-0.07546,-0.03966,0.52297,4.75276,0.95854,0.26493,-1.80735,5.043,24.54723,-0.38141,NULL,NULL,NULL,NULL,NULL
804705,2017-10-02,WW,0,False,CFM56,FDM,2017-07-13,2017-12-22,38.2833,35.0123,40.5651,37.9338,0.66277,0.46801,0.37775,0.867065,35.3558,37.0526,32.6073,33.9685,NULL,NULL,NULL,NULL,3.27097,-2.28181,0.19476,0.28502,-1.6968,2.74844,NULL,NULL,2017-10-02,13073,13073.289,CFM56-7B26/3,LHQ,1,LNI,545,498,1,LNI,LION MENTARI AIRLINES,CFM56-7B,INC,CSO - ASIA,INDONESIA,20.5806,17.7027,14.4317,2.92154,0.39835,0.26442,0.06966,0.399055,63.8863,-28.5306,-26.8338,-3.08407,NULL,NULL,NULL,NULL,0,0,0,0,0,0,0,0,0,0,0,0,0,0,0,0,17.7026634216,-2.2818145752,14.4316978455,2.9215393066,-4.1868157343,1.3541093922,5.8665447925,0.2644199729,0.285019964,0.0696599782,0.3990550339,0.522972411,0.0202259717,0.8013153292,-28.530582428,2.7484359741,-26.8337783813,-3.084072113,5.0430017874,-2.1823568979,-6.1929158896,NULL,NULL,NULL,NULL,NULL,NULL,NULL,-4.18682,1.35411,5.86654,-1.43349,0.18477,0.52297,0.02023,0.80132,0.68332,0.73656,5.043,-2.18236,-6.19292,-0.61737,0.05947,NULL,NULL,NULL,NULL,NULL
804705,2017-12-22,WW,0,False,CFM56,FDM,2017-10-02,2018-01-27,37.9338,33.417,35.0123,33.9356,0.867065,0.39328,0.46801,0.050805,33.9685,43.2902,37.0526,42.6324,NULL,NULL,NULL,NULL,4.51679,2.92154,0.473785,0.399055,-9.32168,-3.08407,NULL,NULL,2017-12-22,13571,13571.5515,CFM56-7B26/3,LHQ,1,LNI,498,55,1,LNI,LION MENTARI AIRLINES,CFM56-7B,INC,CSO - ASIA,INDONESIA,20.5806,17.3532,12.8364,0.518536,0.39835,0.468715,-0.00507,-0.342475,63.8863,-29.9179,-20.5962,-0.657753,NULL,NULL,NULL,NULL,0,0,0,0,0,0,0,0,0,0,0,0,0,0,0,0,17.3532371521,2.9215393066,12.8364486694,0.518535614,5.8665447925,1.2786479978,9.4279202548,0.4687150121,0.3990550339,-0.0050700009,-0.342474997,0.8013153292,0.0345365828,-6.2268181281,-29.9178504944,-3.084072113,-20.5961723328,-0.6577529907,-6.1929158896,-2.2044532266,-11.9591452859,NULL,NULL,NULL,NULL,NULL,NULL,NULL,5.86654,1.27865,9.42792,1.54603,0.26029,0.80132,0.03454,-6.22682,1.18727,1.01082,-6.19292,-2.20445,-11.95915,3.02252,0.31158,NULL,NULL,NULL,NULL,NULL
804705,2018-01-27,WW,0,False,CFM56,FDM,2017-12-22,2018-03-11,33.9356,NULL,33.417,NULL,0.050805,NULL,0.39328,NULL,42.6324,NULL,43.2902,NULL,NULL,NULL,NULL,NULL,NULL,0.518536,NULL,-0.342475,NULL,-0.657753,NULL,NULL,2017-12-31,13626,13626.3133,CFM56-7B26/3,LHQ,1,LNI,55,0,1,LNI,LION MENTARI AIRLINES,CFM56-7B,INC,CSO - ASIA,INDONESIA,20.5806,13.355,NULL,NULL,0.39835,-0.347545,NULL,NULL,63.8863,-21.2539,NULL,NULL,NULL,NULL,NULL,NULL,0,0,0,0,0,0,0,0,0,0,0,0,0,0,0,0,13.3549842834,0.518535614,NULL,NULL,9.4279202548,0.9800878631,NULL,-0.3475449979,-0.342474997,NULL,NULL,-6.2268181281,-0.0255054313,NULL,-21.2539253235,-0.6577529907,NULL,NULL,-11.9591452859,-1.5597707799,NULL,NULL,NULL,NULL,NULL,NULL,NULL,NULL,9.42792,0.98009,NULL,NULL,NULL,-6.22682,-0.02551,NULL,NULL,NULL,-11.95915,-1.55977,NULL,NULL,NULL,NULL,NULL,NULL,NULL,NULL
804705,2018-03-11,WW,0,False,CFM56,FDM,2018-01-27,2018-05-13,NULL,NULL,NULL,NULL,NULL,NULL,NULL,NULL,NULL,NULL,NULL,NULL,NULL,NULL,NULL,NULL,NULL,NULL,NULL,NULL,NULL,NULL,NULL,NULL,2017-12-31,13626,13626.3133,CFM56-7B26/3,LHQ,1,LNI,0,0,1,LNI,LION MENTARI AIRLINES,CFM56-7B,INC,CSO - ASIA,INDONESIA,20.5806,NULL,NULL,NULL,0.39835,NULL,NULL,NULL,63.8863,NULL,NULL,NULL,NULL,NULL,NULL,NULL,0,0,0,0,0,0,0,0,0,0,0,0,0,0,0,0,NULL,NULL,NULL,NULL,NULL,NULL,NULL,NULL,NULL,NULL,NULL,NULL,NULL,NULL,NULL,NULL,NULL,NULL,NULL,NULL,NULL,NULL,NULL,NULL,NULL,NULL,NULL,NULL,NULL,NULL,NULL,NULL,NULL,NULL,NULL,NULL,NULL,NULL,NULL,NULL,NULL,NULL,NULL,NULL,NULL,NULL,NULL,NULL
804705,2018-05-13,WW,0,False,CFM56,FDM,2018-03-11,2018-06-30,NULL,NULL,NULL,NULL,NULL,NULL,NULL,NULL,NULL,NULL,NULL,NULL,NULL,NULL,NULL,NULL,NULL,NULL,NULL,NULL,NULL,NULL,NULL,NULL,2017-12-31,13626,13626.3133,CFM56-7B26/3,LHQ,1,LNI,0,0,1,LNI,LION MENTARI AIRLINES,CFM56-7B,INC,CSO - ASIA,INDONESIA,20.5806,NULL,NULL,NULL,0.39835,NULL,NULL,NULL,63.8863,NULL,NULL,NULL,NULL,NULL,NULL,NULL,0,0,0,0,0,0,0,0,0,0,0,0,0,0,0,0,NULL,NULL,NULL,NULL,NULL,NULL,NULL,NULL,NULL,NULL,NULL,NULL,NULL,NULL,NULL,NULL,NULL,NULL,NULL,NULL,NULL,NULL,NULL,NULL,NULL,NULL,NULL,NULL,NULL,NULL,NULL,NULL,NULL,NULL,NULL,NULL,NULL,NULL,NULL,NULL,NULL,NULL,NULL,NULL,NULL,NULL,NULL,NULL
804705,2018-06-30,WW,0,False,CFM56,FDM,2018-05-13,2018-08-10,NULL,NULL,NULL,NULL,NULL,NULL,NULL,NULL,NULL,NULL,NULL,NULL,NULL,NULL,NULL,NULL,NULL,NULL,NULL,NULL,NULL,NULL,NULL,NULL,2017-12-31,13626,13626.3133,CFM56-7B26/3,LHQ,1,LNI,0,0,1,LNI,LION MENTARI AIRLINES,CFM56-7B,INC,CSO - ASIA,INDONESIA,20.5806,NULL,NULL,NULL,0.39835,NULL,NULL,NULL,63.8863,NULL,NULL,NULL,NULL,NULL,NULL,NULL,0,0,0,0,0,0,0,0,0,0,0,0,0,0,0,0,NULL,NULL,NULL,NULL,NULL,NULL,NULL,NULL,NULL,NULL,NULL,NULL,NULL,NULL,NULL,NULL,NULL,NULL,NULL,NULL,NULL,NULL,NULL,NULL,NULL,NULL,NULL,NULL,NULL,NULL,NULL,NULL,NULL,NULL,NULL,NULL,NULL,NULL,NULL,NULL,NULL,NULL,NULL,NULL,NULL,NULL,NULL,NULL
804705,2018-08-10,WW,0,False,CFM56,FDM,2018-06-30,2018-09-10,NULL,NULL,NULL,NULL,NULL,NULL,NULL,NULL,NULL,NULL,NULL,NULL,NULL,NULL,NULL,NULL,NULL,NULL,NULL,NULL,NULL,NULL,NULL,NULL,2017-12-31,13626,13626.3133,CFM56-7B26/3,LHQ,1,LNI,0,0,1,LNI,LION MENTARI AIRLINES,CFM56-7B,INC,CSO - ASIA,INDONESIA,20.5806,NULL,NULL,NULL,0.39835,NULL,NULL,NULL,63.8863,NULL,NULL,NULL,NULL,NULL,NULL,NULL,0,0,0,0,0,0,0,0,0,0,0,0,0,0,0,0,NULL,NULL,NULL,NULL,NULL,NULL,NULL,NULL,NULL,NULL,NULL,NULL,NULL,NULL,NULL,NULL,NULL,NULL,NULL,NULL,NULL,NULL,NULL,NULL,NULL,NULL,NULL,NULL,NULL,NULL,NULL,NULL,NULL,NULL,NULL,NULL,NULL,NULL,NULL,NULL,NULL,NULL,NULL,NULL,NULL,NULL,NULL,NULL
804705,2018-09-10,WW,0,False,CFM56,FDM,2018-08-10,2018-11-04,NULL,NULL,NULL,NULL,NULL,NULL,NULL,NULL,NULL,NULL,NULL,NULL,NULL,NULL,NULL,NULL,NULL,NULL,NULL,NULL,NULL,NULL,NULL,NULL,2017-12-31,13626,13626.3133,CFM56-7B26/3,LHQ,1,LNI,0,0,1,LNI,LION MENTARI AIRLINES,CFM56-7B,INC,CSO - ASIA,INDONESIA,20.5806,NULL,NULL,NULL,0.39835,NULL,NULL,NULL,63.8863,NULL,NULL,NULL,NULL,NULL,NULL,NULL,0,0,0,NULL,0,0,0,NULL,0,0,0,NULL,0,0,0,NULL,NULL,NULL,NULL,NULL,NULL,NULL,NULL,NULL,NULL,NULL,NULL,NULL,NULL,NULL,NULL,NULL,NULL,NULL,NULL,NULL,NULL,NULL,NULL,NULL,NULL,NULL,NULL,NULL,NULL,NULL,NULL,NULL,NULL,NULL,NULL,NULL,NULL,NULL,NULL,NULL,NULL,NULL,NULL,NULL,NULL,NULL,NULL,NULL
804705,2018-11-04,WW,0,False,CFM56,FDM,2018-09-10,NULL,NULL,NULL,NULL,NULL,NULL,NULL,NULL,NULL,NULL,NULL,NULL,NULL,NULL,NULL,NULL,NULL,NULL,NULL,NULL,NULL,NULL,NULL,NULL,NULL,2017-12-31,13626,13626.3133,CFM56-7B26/3,LHQ,1,LNI,0,NULL,1,LNI,LION MENTARI AIRLINES,CFM56-7B,INC,CSO - ASIA,INDONESIA,20.5806,NULL,NULL,NULL,0.39835,NULL,NULL,NULL,63.8863,NULL,NULL,NULL,NULL,NULL,NULL,NULL,0,0,NULL,NULL,0,0,NULL,NULL,0,0,NULL,NULL,0,0,NULL,NULL,NULL,NULL,NULL,NULL,NULL,NULL,NULL,NULL,NULL,NULL,NULL,NULL,NULL,NULL,NULL,NULL,NULL,NULL,NULL,NULL,NULL,NULL,NULL,NULL,NULL,NULL,NULL,NULL,NULL,NULL,NULL,NULL,NULL,NULL,NULL,NULL,NULL,NULL,NULL,NULL,NULL,NULL,NULL,NULL,NULL,NULL,NULL,NULL
